module,scenario,web_reference,linux,android,evidence,status
auth,login refresh logout secure restore,26f77ef / Web 1.17.5,full passed 03:11:25 UTC; secure sign-out/store-null verified; registration/auth widgets tested;6ab functional baseline full passed,full passed03:02:43 UTC; registration/auth widgets tested; configured OAuth unproved,native secure login/restore/retry + registration and OAuth broker tests; 6ab baseline Linux manifest/checkpoint TSV (53 PNGs); current Android manifest/TSV (54 checked PNGs),implemented; Android full passed; 6ab baseline Linux full passed; configured external OAuth login/link callbacks unproved; active visual revision needs fresh validation
onboarding,server setup invite join,26f77ef / Web 1.17.5,invite/join and real owned-workspace handoff full-run passed 03:11:25 UTC;6ab functional baseline full passed,invite/join/real owned-workspace handoff full passed03:02:43 UTC; configured Computer/Cindy unproved,native invite acceptance; source account-profile/email gate; action-card-feasibility.md Linux real handoff; 6ab baseline Linux manifest/checkpoint TSV (53 PNGs); current Android manifest/TSV (54 checked PNGs),implemented; Android handoff full passed; 6ab baseline Linux full passed; configured Computer/Cindy proof unproved; active visual revision needs fresh validation
server,switch isolation leave delete,26f77ef / Web 1.17.5,switch/isolation/CRUD full-run passed 03:11:25 UTC;6ab functional baseline full passed,full passed03:02:43 UTC (current6ab source),native isolated create/rename/notifications/invite/role/delete/switch flow; 6ab baseline Linux manifest/checkpoint TSV (53 PNGs); current Android manifest/TSV (54 checked PNGs),implemented; Android full passed; 6ab baseline Linux full passed; active visual revision needs fresh validation
channel,create public private archive members preferences,26f77ef / Web 1.17.5,CRUD/preferences/membership full-run passed 03:11:25 UTC;6ab functional baseline full passed,full passed03:02:43 UTC (current6ab source),native public create/edit/pin/mute/collapse/archive/unarchive/delete; settings membership API; 6ab baseline Linux manifest/checkpoint TSV (53 PNGs); current Android manifest/TSV (54 checked PNGs),implemented; Android full passed; 6ab baseline Linux full passed; active visual revision needs fresh validation
messages,history idempotent send reactions read state (human messages immutable),26f77ef / Web 1.17.5,history/send/reaction/read full-run passed 03:11:25 UTC;6ab functional baseline full passed,full passed03:02:43 UTC (current6ab source),native workspace flow + reaction/read reducers; 6ab baseline Linux manifest/checkpoint TSV (53 PNGs); current Android manifest/TSV (54 checked PNGs),implemented; Android full passed; 6ab baseline Linux full passed; active visual revision needs fresh validation
thread,reply follow unfollow message jump,26f77ef / Web 1.17.5,reply/follow/unfollow/inline preview and actual focused navigation full-run passed 03:11:25 UTC;6ab functional baseline full passed,full passed03:02:43 UTC (current6ab source),native reply/follow/unfollow assertions; docs/message-sync-evidence.md; new thread reply-window source adapter; 6ab baseline Linux manifest/checkpoint TSV (53 PNGs); two actual narrow/reused-State ChatView regressions passed; current Android manifest/TSV (54 checked PNGs),implemented; Android full passed; 6ab baseline Linux full passed; all19 domain/controller regressions passed; active visual revision needs fresh validation
attachments,upload cancel retry image document PDF media preview download,26f77ef / Web 1.17.5,upload/image/document/PDF/audio/video full-run passed 03:11:25 UTC; independent OS picker/save/cancel passed;6ab functional baseline full passed,full passed03:02:43 UTC including text/PDF/audio/video and export; independent DocumentsUI passed; OS viewer-open unproved,docs/attachment-evidence.md; docs/linux-media-runtime.md; 11 attachment preview/scope tests + 3 document/media UI tests; native media helper; 6ab baseline Linux manifest/checkpoint TSV (53 PNGs); current Android manifest/TSV (54 checked PNGs),implemented; Android full media/export passed; 6ab baseline Linux full passed; OS viewer-open unproved; active visual revision needs fresh validation
content,Markdown code mentions Mermaid action cards,26f77ef / Web 1.17.5,Markdown/references/Mermaid full-run passed 03:11:25 UTC; unsupported graph grammar uses source fallback;6ab functional baseline full passed,supported rendering full passed03:02:43 UTC; full Mermaid grammar uses fallback,docs/message-presentation-evidence.md; native Mermaid source/diagram interaction; themed SDK previews; 6ab baseline Linux manifest/checkpoint TSV (53 PNGs); current Android manifest/TSV (54 checked PNGs),supported native rendering tested; Android full passed; 6ab baseline Linux full passed; full Mermaid grammar parity limited; active visual revision needs fresh validation
action-cards,prepare review edit confirm authoritative created-channel receipt,26f77ef / Web 1.17.5,prepared/review/edit/executed receipt full-run passed 03:11:25 UTC;6ab functional baseline full passed,full passed03:02:43 UTC (current6ab source),docs/action-card-feasibility.md; linux prepared / authoritative-preview / completed PNGs; actual context and channel GET assertions; 6ab baseline Linux manifest/checkpoint TSV (53 PNGs); current Android manifest/TSV (54 checked PNGs),implemented; Android full passed; 6ab baseline Linux full passed; active visual revision needs fresh validation
activity,unread mentions filters done restore mark all read,26f77ef / Web 1.17.5,advanced filters/grouping/triage full-run passed 03:11:25 UTC;6ab functional baseline full passed,full passed03:02:43 UTC (current6ab source),docs/resource-controls-source-audit.md; 24 focused resource tests; native helper; 6ab baseline Linux manifest/checkpoint TSV (53 PNGs); current Android manifest/TSV (54 checked PNGs),implemented; Android full passed; 6ab baseline Linux full passed; active visual revision needs fresh validation
tasks,create claim assign statuses history delete list board,26f77ef / Web 1.17.5,CRUD/board/multi-select full-run passed 03:11:25 UTC; orphan cleanup widget-tested;6ab functional baseline full passed,CRUD/board/multi-select full passed03:02:43 UTC; orphan cleanup widget-tested,docs/resource-controls-source-audit.md; typed identities/unassigned and fresh terminal cleanup tests; 6ab baseline Linux manifest/checkpoint TSV (53 PNGs); current Android manifest/TSV (54 checked PNGs),implemented; Android full passed; 6ab baseline Linux full passed; terminal cleanup widget-tested; active visual revision needs fresh validation
agents,create profiles availability config memory workspace,26f77ef / Web 1.17.5,Fleet/detail/CRUD/runtime full-run passed 03:11:25 UTC;6ab functional baseline full passed,full passed03:02:43 UTC (current6ab source),FleetDetail; runtime-form source contract tests; fleet_authority_test; 6ab baseline Linux manifest/checkpoint TSV (53 PNGs); current Android manifest/TSV (54 checked PNGs),implemented; Android full passed; 6ab baseline Linux full passed; active visual revision needs fresh validation
computers,connect inspect runtime update,26f77ef / Web 1.17.5,Fleet/inspection/runtime full-run passed 03:11:25 UTC;6ab functional baseline full passed,Fleet/inspection/runtime full passed03:02:43 UTC; configured Computer/provider canary unproved,Fleet directory/detail/inspection; fleet_authority_test socket/HTTP delete ordering; 6ab baseline Linux manifest/checkpoint TSV (53 PNGs); current Android manifest/TSV (54 checked PNGs),implemented; Android Fleet full passed; 6ab baseline Linux full passed; configured Computer/provider canary unproved; active visual revision needs fresh validation
search,global search result context and visible jump,26f77ef / Web 1.17.5,advanced filter/self-mentions/jump full-run passed 03:11:25 UTC;6ab functional baseline full passed,full passed03:02:43 UTC (current6ab source),docs/resource-controls-source-audit.md; native resource helper; 6ab baseline Linux manifest/checkpoint TSV (53 PNGs); current Android manifest/TSV (54 checked PNGs),implemented; Android full passed; 6ab baseline Linux full passed; active visual revision needs fresh validation
saved,save unsave context jump,26f77ef / Web 1.17.5,query/channel/sort/context full-run passed 03:11:25 UTC;6ab functional baseline full passed,full passed03:02:43 UTC (current6ab source),docs/resource-controls-source-audit.md; native resource helper; 6ab baseline Linux manifest/checkpoint TSV (53 PNGs); current Android manifest/TSV (54 checked PNGs),implemented; Android full passed; 6ab baseline Linux full passed; active visual revision needs fresh validation
settings,appearance locale notifications account,26f77ef / Web 1.17.5,reading/zh-cn Locale/translated labels/actual Dark-Light and restoration full-run passed 03:11:25 UTC;6ab functional baseline full passed,full passed03:02:43 UTC (current6ab source),real profile/prefs/avatar; docs/layout-localization-evidence.md; Linux narrow locale run45261; 6ab baseline Linux manifest/checkpoint TSV (53 PNGs); current Android manifest/TSV (54 checked PNGs),implemented; Android full passed; 6ab baseline Linux full passed; active visual revision needs fresh validation
admin,roles capabilities billing apps MCP providers IM bridges,26f77ef / Web 1.17.5,apps/MCP/admin/billing/provider surfaces full-run passed 03:11:25 UTC;6ab functional baseline full passed,full passed03:02:43 UTC (current6ab source),docs/management-auth-coverage.md; native management_flow checkpoint; authority tests; Slack default-off/unconfigured read; 6ab baseline Linux manifest/checkpoint TSV (53 PNGs); current Android manifest/TSV (54 checked PNGs),implemented; Android full passed; 6ab baseline Linux full passed; configured OAuth/Slack/Stripe proof unproved; active visual revision needs fresh validation
platform,notifications URI IME share keyboard,26f77ef / Web 1.17.5,GTK/X11 files; private DBus popup and cold/warm URI passed,full passed03:02:43 UTC; actual shade-click content navigation; independent DocumentsUI/chooser/URI passed; online Socket only,docs/attachment-evidence.md; docs/sharing-evidence.md; docs/notification-content-evidence.md; current Android manifest/TSV (54 checked PNGs),Android full and independent OS probes passed; 6ab baseline Linux full passed; Linux serverpush unavailable; Android onlineSocket only; active visual revision needs fresh validation
sync,duplicates gaps epoch permission revoke server switch,26f77ef / Web 1.17.5,read/reconnect/revocation and inline thread full-run passed 03:11:25 UTC; epoch/preference races transport-tested;6ab functional baseline full passed,full passed03:02:43 UTC (current6ab source),docs/message-sync-evidence.md; TS/Dart reducers; thread_replies/notification_prefs tests; nine controller transport/authority cases; 6ab baseline Linux manifest/checkpoint TSV (53 PNGs); current Android manifest/TSV (54 checked PNGs),implemented; Android full passed; 6ab baseline Linux full passed; all19 domain/controller regressions passed; active visual revision needs fresh validation
joint-channels,create invite resend accept archived restore disconnect,26f77ef / Web 1.17.5,create/resend/accept/disconnect/reinvite full-run passed 03:11:25 UTC;6ab functional baseline full passed,full passed03:02:43 UTC (current6ab source),docs/management-auth-coverage.md; eleven tests; mounted owned-workspace API probe; joint_channel_flow helper; 6ab baseline Linux manifest/checkpoint TSV (53 PNGs); current Android manifest/TSV (54 checked PNGs),implemented; Android full passed; 6ab baseline Linux full passed; external invitation delivery unproved; active visual revision needs fresh validation
channel-conversion,flag-gated ordinary/private to joint progress retry cancel upload recovery send fence,26f77ef / Web 1.17.5,live default-OFF hidden-control full-run passed 03:11:25 UTC; six themed SDK previews passed;6ab functional baseline full passed,default-OFF hidden-control full passed03:02:43 UTC; enabled worker unproved,docs/management-auth-coverage.md; eleven app tests + five SDK tests + phone widget + six themed SDK browser variants; channel_conversion_flow helper; 6ab baseline Linux manifest/checkpoint TSV (53 PNGs); current Android manifest/TSV (54 checked PNGs),implemented conditionally; Android defaultOFF full passed; 6ab baseline Linux full passed; enabled worker unproved; active visual revision needs fresh validation
forwarding,two-target forwarding canonical receipts and idempotent bundles,26f77ef / Web 1.17.5,actual two-target full-run passed 03:11:25 UTC;6ab functional baseline full passed,full passed03:02:43 UTC (current6ab source),docs/forwarding-evidence.md; forward_flow native GET assertions; five focused tests; 6ab baseline Linux manifest/checkpoint TSV (53 PNGs); current Android manifest/TSV (54 checked PNGs),implemented; Android full passed; 6ab baseline Linux full passed; active visual revision needs fresh validation
sidebar,custom sections placements reorder persistence and pointer drag,26f77ef / Web 1.17.5,actual pointer drag/reorder/persistence full-run passed 03:11:25 UTC;6ab functional baseline full passed,full passed03:02:43 UTC (current6ab source),docs/layout-localization-evidence.md; sidebar native helper and narrowed probe; parent serialized runner; 6ab baseline Linux manifest/checkpoint TSV (53 PNGs); current Android manifest/TSV (54 checked PNGs),implemented; Android full passed; 6ab baseline Linux full passed; active visual revision needs fresh validation
native-workspace-windows,independent workspace engines focus reuse and shared secure session broker,26f77ef / Web 1.17.5 optional desktop-host contract,single engine only; configured Web browser fallback tested by opener callback,not applicable to independent desktop windows,docs/desktop-window-evidence.md; three origin/authority tests,unimplemented native capability; browser fallback does not establish independent windows
design-parity,same-size source component presentation and visual diff acceptance,26f77ef / Web1.17.5 / raft-ui0.5.27,pixel parity not established,pixel parity not established,docs/widget-acceptance.md;75 SDK theme interactions are functional evidence only,incomplete; audit and correct Material/native presentation with same-version data theme size evidence
