method,path,web_source,line
DELETE,/agents/${agentId},store/agentStore.ts,1049
DELETE,/agents/${encodeURIComponent(agentId)}/credentials/${encodeURIComponent(credentialId)},components/agent/ExternalAgentToken.tsx,48
DELETE,/auth/identities/${provider.id},components/settings/SettingsPanel.tsx,495
DELETE,/channels/${channelId},store/channelStore.ts,554
DELETE,/channels/${channelId}/members/agent/${agentId},hooks/useChannelMembers.ts,213
DELETE,/channels/${channelId}/members/user/${userId},hooks/useChannelMembers.ts,255
DELETE,/channels/saved/${messageId},store/savedStore.ts,187
DELETE,/channels/threads/${threadChannelId}/followers/agents/${agentId},store/threadAgentFollowerStore.ts,77
DELETE,/integrations/clients/${client.id},components/settings/SettingsPanel.tsx,6046
DELETE,/integrations/clients/${clientId}/app-notifications/webhook,components/settings/AppNotificationsControls.tsx,436
DELETE,/integrations/clients/${editingClient.id}/logo,components/settings/SettingsPanel.tsx,6036
DELETE,/integrations/clients/${editingClient.id}/share-link,components/settings/SettingsPanel.tsx,5986
DELETE,/integrations/marketplace/${app.id}/install,components/settings/SettingsPanel.tsx,6109
DELETE,/mcp/servers/${server.id},components/agent/AgentMcpTab.tsx,325
DELETE,/mcp/servers/${server.id}/oauth,components/agent/AgentMcpTab.tsx,298
DELETE,/provider-connections/${connection.id},components/settings/ProviderConnectionsSettings.tsx,153
DELETE,/provider-connections/${connection.id}/agents/${agentId},components/settings/ProviderConnectionsSettings.tsx,150
DELETE,/push/subscribe,utils/pushNotifications.ts,165
DELETE,/servers/${current.id},store/serverStore.ts,600
DELETE,/servers/${current.id}/invites/${inviteId},components/settings/SettingsPanel.tsx,2929
DELETE,/servers/${current.id}/join-links/${linkId},components/settings/SettingsPanel.tsx,3068
DELETE,/servers/${current.id}/members/${userId},store/serverStore.ts,832
DELETE,/servers/${server.id}/join-links/${joinLink.id},components/member/InviteHumanDialog.tsx,271
DELETE,/servers/${server.id}/join-links/${joinLink.id},components/member/InviteHumanDialog.tsx,297
DELETE,/servers/${serverId}/machines/${machineId},store/machineStore.ts,354
DELETE,/servers/${serverId}/machines/${machineId}/workspaces/${directoryName},store/machineStore.ts,480
DELETE,/tasks/${taskId},store/taskStore.ts,828
GET,/agent-runtime-providers/${kind},hooks/useAgentRuntimeProvider.ts,23
GET,/agents,store/agentStore.ts,767
GET,/agents/${agentFallbackId},components/profile/ProfilePanel.tsx,126
GET,/agents/${agentId},store/agentStore.ts,849
GET,/agents/${agentId}/activity-log,store/agentStore.ts,1164
GET,/agents/${agentId}/agent-dms,components/agent/AgentDetailPanel.tsx,315
GET,/agents/${agentId}/channels,components/agent/AgentDetailPanel.tsx,334
GET,/agents/${agentId}/external-diagnostics,store/agentStore.ts,942
GET,/agents/${agentId}/external-status,store/agentStore.ts,937
GET,/agents/${agentId}/migration,components/agentMigration/useAgentMigrationStatus.ts,87
GET,/agents/${agentId}/onboarding-identity-adoption,store/agentStore.ts,956
GET,/agents/${agentId}/workspace-files,components/agent/AgentWorkspace.tsx,267
GET,/agents/${agentId}/workspace-files,components/agent/AgentWorkspace.tsx,386
GET,/agents/${agentId}/workspace-files/read,components/agent/AgentWorkspace.tsx,346
GET,/agents/${aid}/workspace-files,components/agent/AgentWorkspace.tsx,292
GET,/agents/${encodeURIComponent(agentId)}/credentials,components/agent/ExternalAgentToken.tsx,34
GET,/announcements/active,store/announcementStore.ts,57
GET,/attachments/${attachment.id}/url?disposition=attachment,components/message/MessageItem.tsx,4196
GET,/attachments/${attachment.id}/url?disposition=attachment,components/message/downloadAttachment.ts,12
GET,/attachments/${attachment.id}/url?disposition=inline,components/message/MessageItem.tsx,1650
GET,/attachments/${attachment.id}/url?disposition=inline,components/message/MessageItem.tsx,1947
GET,/attachments/${attachment.id}/url?disposition=inline,components/message/openDocumentPreview.ts,49
GET,/attachments/${attachmentId}/comments,components/message/AttachmentCommentsPanel.tsx,146
GET,/attachments/${current.id}/url?disposition=attachment,components/ImageLightbox.tsx,182
GET,/attachments/${file.id}/url,components/message/ChannelFilesPanel.tsx,363
GET,/attachments/${file.id}/url?disposition=attachment,components/message/ChannelFilesPanel.tsx,161
GET,/attachments/upload-capabilities,utils/directAttachmentUpload.ts,331
GET,/attachments/upload-sessions/${encodeURIComponent(channelId)}/active,utils/directAttachmentUpload.ts,45
GET,/auth/app-login/requests/${encodeURIComponent(requestId)},pages/AppLoginPage.tsx,46
GET,/auth/identities,components/settings/SettingsPanel.tsx,426
GET,/auth/identities,components/settings/SettingsPanel.tsx,502
GET,/auth/invite-info?token=${encodeURIComponent(token)},components/auth/InviteAcceptPage.tsx,108
GET,/auth/me,store/authStore.ts,254
GET,/auth/me,store/authStore.ts,294
GET,/auth/me,store/authStore.ts,535
GET,/auth/me,store/translationStore.ts,393
GET,/auth/me/username-available,components/auth/AccountIdentitySetupPage.tsx,352
GET,/auth/providers,hooks/useAuthProviders.ts,45
GET,/billing/subscription,store/serverStore.ts,869
GET,/channels,store/channelStore.ts,219
GET,/channels/${channel.id}/files,components/message/ChannelFilesPanel.tsx,263
GET,/channels/${channel.id}/files,components/message/ChannelFilesPanel.tsx,290
GET,/channels/${channelId},store/channelStore.ts,280
GET,/channels/${channelId}/members,hooks/useChannelMembers.ts,79
GET,/channels/${channelId}/message-display-settings,components/message/ChatPanel.tsx,386
GET,/channels/${channelId}/notification-settings,components/message/ChatPanel.tsx,348
GET,/channels/${channelId}/threads,store/threadStore.ts,696
GET,/channels/${input.parentChannelId}/threads/${input.parentMessageId},store/threadRepliesSyncDomain.ts,635
GET,/channels/${parentChannelId}/threads/${parentMessageId},store/threadStore.ts,397
GET,/channels/${parentChannelId}/threads/${parentMessageId},store/threadStore.ts,558
GET,/channels/${scopeId},store/readReceiptStore.ts,30
GET,/channels/activity/difference,store/activityPanel/runtime.ts,95
GET,/channels/activity/snapshot,store/activityPanel/runtime.ts,89
GET,/channels/activity/snapshot,store/activityPanel/runtime.ts,171
GET,/channels/conversion-jobs/${jobId},store/channelStore.ts,494
GET,/channels/dm,store/channelStore.ts,247
GET,/channels/dm,store/channelStore.ts,324
GET,/channels/inbox,store/inboxStore.ts,987
GET,/channels/inbox,store/inboxStore.ts,991
GET,/channels/inbox,store/transport/inboxTransport.ts,42
GET,/channels/inbox/done,components/thread/ThreadsInbox.tsx,800
GET,/channels/inbox/unfollowed,store/inboxStore.ts,877
GET,/channels/saved,store/savedStore.ts,71
GET,/channels/saved,store/savedStore.ts,120
GET,/channels/threads/followed,store/threadStore.ts,727
GET,/channels/threads/followed,store/threadStore.ts,900
GET,/channels/threads/followed,store/threadStore.ts,948
GET,/channels/threads/followed,store/threadStore.ts,960
GET,/channels/threads/followers,store/threadAgentFollowerStore.ts,52
GET,/channels/unread,store/messageStore.ts,1546
GET,/integration-invites/${encodeURIComponent(token)},pages/IntegrationInvitePage.tsx,87
GET,/integrations/agents/${agentId},components/agent/AgentAppAccessTab.tsx,308
GET,/integrations/agents/${agentId}/events,components/agent/AgentAppAccessTab.tsx,222
GET,/integrations/agents/${agentId}/events/${event.id},components/agent/AgentAppAccessTab.tsx,165
GET,/integrations/agents/${agentId}/grantable-apps,components/agent/AgentAppAccessTab.tsx,78
GET,/integrations/clients,components/settings/SettingsPanel.tsx,5679
GET,/integrations/clients/${clientId}/app-notifications,components/settings/AppNotificationsControls.tsx,397
GET,/integrations/clients/${clientId}/app-notifications,components/settings/SettingsPanel.tsx,5778
GET,/integrations/clients/${clientId}/share-link,components/settings/SettingsPanel.tsx,5764
GET,/integrations/marketplace,components/settings/SettingsPanel.tsx,5680
GET,/integrations/marketplace/${clientId}/install/app-notifications,components/settings/AppNotificationsControls.tsx,650
GET,/integrations/overview,components/settings/SettingsPanel.tsx,5681
GET,/messages/attachment-preview/enabled,store/attachmentPreviewGate.ts,27
GET,/messages/channel/${channelId}?limit=${limit},store/messageStore.ts,1796
GET,/messages/channel/${dmChannelId}?limit=100,components/agent/ReportIssueDialog.tsx,225
GET,/messages/channel/${input.threadChannelId}?limit=${INLINE_REPLY_CAP},store/threadRepliesSyncDomain.ts,634
GET,/messages/channel/${nextThreadChannelId}?limit=${limit},components/message/ThreadPanel.tsx,1249
GET,/messages/channel/${requestThreadChannelId}?limit=${limit}&after=${maxSeq},components/message/ThreadPanel.tsx,1667
GET,/messages/channel/${requestThreadChannelId}?limit=${limit}&before=${minSeq},components/message/ThreadPanel.tsx,1575
GET,/messages/channel/${requestThreadChannelId}?limit=${limit}&before=${minSeq},components/message/ThreadPanel.tsx,1622
GET,/messages/channel/${targetChannelId}?limit=${limit}&after=${maxSeq},store/messageStore.ts,1948
GET,/messages/channel/${targetChannelId}?limit=${limit}&before=${minSeq},store/messageStore.ts,1882
GET,/messages/channel/${threadChannelId}?limit=${INITIAL_LIMIT},components/message/ThreadPanel.tsx,1384
GET,/messages/channel/${threadChannelId}?limit=${limit}&after=${maxSeq},components/message/ThreadPanel.tsx,1766
GET,/messages/channel/${threadChannelId}?limit=${limit}&before=${minSeq},components/message/ThreadPanel.tsx,1747
GET,/messages/context/${messageId},components/layout/rightPanelUrlSync.ts,95
GET,/messages/context/${messageId},components/message/ThreadPanel.tsx,1909
GET,/messages/context/${messageId},store/messageStore.ts,2410
GET,/messages/context/${messageId},store/messageStore.ts,2510
GET,/messages/context/${permalink.messageId},components/message/QuotedMessagePermalinkPreview.tsx,48
GET,/messages/context/${targetShortId},components/layout/MainLayout.tsx,1837
GET,/messages/forward/targets/search,components/message/forwardComposerModel.tsx,206
GET,/messages/search,components/search/MessageSearchPage.tsx,1162
GET,/messages/search,components/search/MessageSearchPage.tsx,1206
GET,/messages/sync?${params},store/messageStore.ts,2592
GET,/oauth/clients/lookup,pages/HumanLoginSetupPage.tsx,208
GET,/product-feedback/tickets,feedback/feedbackUnreadState.ts,38
GET,/product-feedback/tickets,feedback/handsFeedbackTransport.ts,207
GET,/product-feedback/tickets/${encodeURIComponent(input.ticketId)},feedback/handsFeedbackTransport.ts,187
GET,/product-feedback/tickets/${encodeURIComponent(input.ticketId)}/attachments/${encodeURIComponent(input.attachmentId)},components/settings/AboutFeedbackDialog.tsx,158
GET,/product-feedback/tickets/${encodeURIComponent(input.ticketId)}/attachments/${encodeURIComponent(input.attachmentId)},feedback/handsFeedbackTransport.ts,228
GET,/provider-connections,hooks/useProviderConnections.ts,26
GET,/provider-connections/${connection.id}/agents,components/settings/ProviderConnectionsSettings.tsx,250
GET,/provider-connections/${connection.id}/models,components/settings/ProviderConnectionsSettings.tsx,542
GET,/public/servers/${encodeURIComponent(slug)},pages/PublicServerPage.tsx,226
GET,/public/servers/${encodeURIComponent(slug)}/channels/${selectedChannelId}/messages,pages/PublicServerPage.tsx,251
GET,/public/servers/${encodeURIComponent(slug)}/channels/${selectedChannelId}/messages?beforeMessageId=${encodeURIComponent(beforeMessageId)},pages/PublicServerPage.tsx,273
GET,/public/servers/${encodeURIComponent(slug)}/threads/${encodeURIComponent(openThread.threadChannelId)}/messages?limit=50&beforeMessageId=${encodeURIComponent(beforeMessageId)},pages/PublicServerPage.tsx,364
GET,/public/servers/${encodeURIComponent(slug)}/threads/${encodeURIComponent(request.threadChannelId)}/messages?limit=50,pages/PublicServerPage.tsx,342
GET,/push/vapid-key,utils/pushNotifications.ts,79
GET,/release-notes,components/settings/ReleaseNotesPanel.tsx,128
GET,/reminders,components/agent/AgentDetailPanel.tsx,2857
GET,/servers,store/serverStore.ts,421
GET,/servers/${current.id}/invites,components/settings/SettingsPanel.tsx,2917
GET,/servers/${current.id}/join-links,components/settings/SettingsPanel.tsx,3028
GET,/servers/${current.id}/member-graph,components/settings/MemberGraphSection.tsx,673
GET,/servers/${current.id}/setup-projection,components/settings/SettingsPanel.tsx,3248
GET,/servers/${currentServerId}/members/${humanFallbackId}/profile,components/profile/ProfilePanel.tsx,156
GET,/servers/${server.id}/join-links,components/member/InviteHumanDialog.tsx,192
GET,/servers/${server.id}/public-visibility,components/settings/SettingsPanel.tsx,2158
GET,/servers/${serverId}/apps,components/message/MessageInput.tsx,1144
GET,/servers/${serverId}/machines,store/machineStore.ts,280
GET,/servers/${serverId}/machines/${machineId}/workspaces,store/machineStore.ts,453
GET,/servers/${serverId}/members,store/serverStore.ts,661
GET,/servers/${serverId}/notification-settings,components/settings/SettingsPanel.tsx,1548
GET,/servers/${serverId}/product-analytics-settings,components/settings/UsageDataSettings.tsx,139
GET,/servers/${serverId}/settings,store/serverStore.ts,450
GET,/servers/${serverId}/setup-projection,components/onboarding/serverSetupProjection.ts,77
GET,/servers/${serverId}/sidebar-order,store/serverStore.ts,677
GET,/servers/${serverId}/translation-settings,store/translationStore.ts,394
GET,/servers/${serverId}/usage,store/serverStore.ts,848
GET,/servers/unread-summary,store/serverStore.ts,708
GET,/tasks/${taskId}/history,store/taskStore.ts,775
GET,/tasks/channel/${channelId},store/taskStore.ts,451
GET,/tasks/channel/${taskContextChannelId}/number/${taskNumber},components/message/MessageItem.tsx,4178
GET,/tasks/server,store/taskStore.ts,523
GET,/tasks/server?${query},store/taskStore.ts,595
PATCH,/agents/${agentId},store/agentStore.ts,972
PATCH,/auth/me,i18n/persistDisplayLanguage.ts,51
PATCH,/auth/me,store/authStore.ts,557
PATCH,/auth/me,store/translationStore.ts,446
PATCH,/auth/me,store/translationStore.ts,487
PATCH,/auth/me,store/translationStore.ts,528
PATCH,/auth/me,store/translationStore.ts,569
PATCH,/auth/me,store/translationStore.ts,610
PATCH,/auth/me,store/translationStore.ts,699
PATCH,/channels/${channel.id}/notification-settings,components/layout/Sidebar.tsx,3139
PATCH,/channels/${channelId},store/channelStore.ts,423
PATCH,/channels/${channelId}/members/${targetType}/${memberId}/role,hooks/useChannelMembers.ts,270
PATCH,/channels/${channelId}/message-display-settings,components/message/ChatPanel.tsx,791
PATCH,/channels/${channelId}/notification-settings,components/message/ChatPanel.tsx,747
PATCH,/integrations/clients/${client.id},components/settings/SettingsPanel.tsx,6057
PATCH,/integrations/clients/${editingClient.id},components/settings/SettingsPanel.tsx,5878
PATCH,/mcp/servers/${draft.id},components/agent/AgentMcpTab.tsx,253
PATCH,/provider-connections/${connection.id},components/settings/EditProviderConnectionModal.tsx,52
PATCH,/provider-connections/${connection.id},components/settings/ProviderConnectionsSettings.tsx,147
PATCH,/servers/${current.id},store/serverStore.ts,556
PATCH,/servers/${current.id}/members/${userId},store/serverStore.ts,820
PATCH,/servers/${current.id}/onboarding-settings,components/settings/SettingsPanel.tsx,3281
PATCH,/servers/${currentServer.id}/notification-settings,components/settings/SettingsPanel.tsx,1658
PATCH,/servers/${server.id}/public-guest-join,components/settings/SettingsPanel.tsx,2192
PATCH,/servers/${server.id}/public-visibility,components/settings/SettingsPanel.tsx,2178
PATCH,/servers/${serverId}/labs/access,components/settings/SettingsPanel.tsx,2432
PATCH,/servers/${serverId}/machines/${machineId},store/machineStore.ts,332
PATCH,/servers/${serverId}/machines/${machineId},store/machineStore.ts,343
PATCH,/servers/${serverId}/product-analytics-settings,components/settings/UsageDataSettings.tsx,157
PATCH,/servers/${serverId}/sidebar-order,store/serverStore.ts,755
PATCH,/servers/${serverId}/translation-settings,store/translationStore.ts,655
PATCH,/servers/order,store/serverStore.ts,482
PATCH,/tasks/${taskId}/assignee,store/taskStore.ts,749
PATCH,/tasks/${taskId}/claim,store/taskStore.ts,682
PATCH,/tasks/${taskId}/status,store/taskStore.ts,724
PATCH,/tasks/${taskId}/unclaim,store/taskStore.ts,695
POST,"${agentConnectionPath(view.agentId, view.provider)}/confirm",pages/AgentConnectionCallbackPage.tsx,68
POST,${sessionEndpoint(uploadId)}/complete,utils/directAttachmentUpload.ts,161
POST,/actions/${messageId}/execute,components/actions/ActionCard.tsx,301
POST,/actions/${messageId}/mark-executed,components/actions/ActionCard.tsx,355
POST,/actions/${messageId}/reconfirm,components/actions/ActionCard.tsx,261
POST,/agents,store/agentStore.ts,892
POST,/agents/${agent.id}/avatar,components/agent/AgentProfileEditDialog.tsx,148
POST,/agents/${agent.id}/migrate,components/agentMigration/AgentMigrationDialog.tsx,81
POST,/agents/${agentId}/hosted-runtime/retry,store/agentStore.ts,947
POST,/agents/${agentId}/migration/cancel,components/agentMigration/AgentMigrationCancelDialog.tsx,33
POST,/agents/${agentId}/onboarding-identity-adoption,store/agentStore.ts,961
POST,/agents/${agentId}/reset,store/agentStore.ts,1068
POST,/agents/${agentId}/start,store/agentStore.ts,996
POST,/agents/${agentId}/stop,store/agentStore.ts,1027
POST,/agents/${encodeURIComponent(agentId)}/credentials,components/agent/ExternalAgentToken.tsx,67
POST,/announcements/${id}/dismiss,store/announcementStore.ts,99
POST,/attachments/${attachmentId}/comments,components/message/AttachmentCommentsPanel.tsx,223
POST,/attachments/upload,components/message/MessageInput.tsx,1520
POST,/attachments/upload-sessions,utils/directAttachmentUpload.ts,289
POST,/attachments/urls,components/message/inlineAttachmentUrlCache.ts,60
POST,/auth/${callbackParams.provider}/complete,components/auth/SocialAuthCallbackPage.tsx,94
POST,/auth/${provider.id}/link/start,components/settings/SettingsPanel.tsx,483
POST,/auth/accept-invite,store/authStore.ts,576
POST,/auth/app-login/requests/${encodeURIComponent(requestId)}/${action},pages/AppLoginPage.tsx,77
POST,/auth/device/approve,pages/DeviceLoginPage.tsx,40
POST,/auth/forgot-password,components/settings/SettingsPanel.tsx,516
POST,/auth/forgot-password,store/authStore.ts,547
POST,/auth/login,store/authStore.ts,353
POST,/auth/logout,store/authStore.ts,438
POST,/auth/me/avatar,store/authStore.ts,406
POST,/auth/me/avatar,store/authStore.ts,566
POST,/auth/me/complete-profile,store/authStore.ts,416
POST,/auth/me/timezone-observation,store/authStore.ts,207
POST,/auth/register,store/authStore.ts,378
POST,/auth/resend-verification,store/authStore.ts,541
POST,/auth/reset-password,store/authStore.ts,551
POST,/auth/verify-email,store/authStore.ts,533
POST,/billing/cancel,components/settings/SettingsPanel.tsx,4251
POST,/billing/checkout,components/settings/SettingsPanel.tsx,4182
POST,/billing/portal,components/settings/SettingsPanel.tsx,4200
POST,/billing/seat-pack-quantity,components/settings/SettingsPanel.tsx,4216
POST,/billing/seat-pack-quantity/preview,components/settings/SettingsPanel.tsx,4278
POST,/channels,store/channelStore.ts,397
POST,/channels/${channelIdToPersist}/read-all,store/transport/inboxTransport.ts,155
POST,/channels/${channelId}/archive,store/channelStore.ts,592
POST,/channels/${channelId}/convert-to-joint,store/channelStore.ts,465
POST,/channels/${channelId}/disconnect,store/channelStore.ts,564
POST,/channels/${channelId}/join,store/channelStore.ts,675
POST,/channels/${channelId}/joint-invite/resend,store/channelStore.ts,574
POST,/channels/${channelId}/joint-invites,store/channelStore.ts,579
POST,/channels/${channelId}/leave,store/channelStore.ts,694
POST,/channels/${channelId}/members,hooks/useChannelMembers.ts,195
POST,/channels/${channelId}/members,hooks/useChannelMembers.ts,223
POST,/channels/${channelId}/members/batch,hooks/useChannelMembers.ts,240
POST,/channels/${channelId}/read,store/messageStore.ts,1203
POST,/channels/${channelId}/read-all,store/messageStore.ts,1645
POST,/channels/${channelId}/read-all,store/transport/inboxTransport.ts,214
POST,/channels/${channelId}/resume-all-agents,components/message/SOSDialog.tsx,49
POST,/channels/${channelId}/stop-all-agents,components/message/SOSDialog.tsx,35
POST,/channels/${channelId}/unarchive,store/channelStore.ts,605
POST,/channels/${channelId}/unread,components/thread/ThreadsInbox.tsx,1370
POST,/channels/${channelId}/unread,store/messageStore.ts,1672
POST,/channels/${openParentChannelId}/threads,store/threadStore.ts,467
POST,/channels/conversion-jobs/${jobId}/cancel,store/channelStore.ts,538
POST,/channels/conversion-jobs/${jobId}/retry,store/channelStore.ts,522
POST,/channels/dm,store/channelStore.ts,624
POST,/channels/dm,store/channelStore.ts,652
POST,/channels/inbox/done,store/inboxStore.ts,1460
POST,/channels/inbox/read-all,store/inboxStore.ts,1316
POST,/channels/inbox/undone,components/thread/ThreadsInbox.tsx,831
POST,/channels/joint-invites/${encodeURIComponent(jointInviteId)}/accept,App.tsx,562
POST,/channels/saved,store/savedStore.ts,157
POST,/channels/saved/check,store/savedStore.ts,202
POST,/channels/system/all/hide,store/channelStore.ts,451
POST,/channels/system/all/restore,store/channelStore.ts,436
POST,/channels/threads/${threadChannelId}/followers/agents/${agentId}/restore,store/threadAgentFollowerStore.ts,91
POST,/channels/threads/done,store/inboxStore.ts,1416
POST,/channels/threads/done,store/threadStore.ts,939
POST,/channels/threads/follow,store/threadStore.ts,888
POST,/channels/threads/undone,components/thread/ThreadsInbox.tsx,829
POST,/channels/threads/undone,store/threadStore.ts,957
POST,/channels/threads/unfollow,store/threadStore.ts,909
POST,/feature-flags/evaluate,store/serverFeatureFlags.ts,159
POST,/integration-invites/${encodeURIComponent(token)}/install,pages/IntegrationInvitePage.tsx,115
POST,/integrations/agents/${agentId}/grants,components/agent/AgentAppAccessTab.tsx,94
POST,/integrations/clients,components/settings/SettingsPanel.tsx,5894
POST,/integrations/clients/${client.id}/regenerate-secret,components/settings/SettingsPanel.tsx,5950
POST,/integrations/clients/${client.id}/request-publish,components/settings/SettingsPanel.tsx,6067
POST,/integrations/clients/${client.id}/request-unpublish,components/settings/SettingsPanel.tsx,6080
POST,/integrations/clients/${clientId}/app-notifications/webhook/rotate-secret,components/settings/AppNotificationsControls.tsx,421
POST,/integrations/clients/${editingClient.id}/logo,components/settings/SettingsPanel.tsx,6021
POST,/integrations/clients/${editingClient.id}/share-link,components/settings/SettingsPanel.tsx,5969
POST,/integrations/marketplace/${entry.client.id}/install,pages/HumanLoginSetupPage.tsx,333
POST,/integrations/marketplace/${listing.id}/install,components/settings/SettingsPanel.tsx,6095
POST,/mcp/servers,components/agent/AgentMcpTab.tsx,254
POST,/mcp/servers/${server.id}/oauth/start,components/agent/AgentMcpTab.tsx,283
POST,/mcp/servers/${server.id}/test,components/agent/AgentMcpTab.tsx,466
POST,/mcp/servers/test-configuration,components/agent/AgentMcpTab.tsx,305
POST,/message-translations:batch,store/translationStore.ts,770
POST,/messages/forward,components/message/ForwardComposerDialog.tsx,387
POST,/messages/mention-actions/execute,components/message/MessageInput.tsx,2246
POST,/messages/mention-actions/execute,components/message/MessageInput.tsx,2292
POST,/oauth/authorize/human,pages/HumanLoginSetupPage.tsx,307
POST,/product-feedback,feedback/agentIssueTicket.ts,59
POST,/product-feedback,feedback/handsFeedbackTransport.ts,254
POST,/product-feedback/tickets/${encodeURIComponent(input.ticketId)}/close,feedback/handsFeedbackTransport.ts,299
POST,/product-feedback/tickets/${encodeURIComponent(input.ticketId)}/comments,feedback/handsFeedbackTransport.ts,281
POST,/provider-connections,components/settings/ProviderConnectionsSettings.tsx,708
POST,/provider-connections/${connection.id}/probes,components/settings/ProviderConnectionsSettings.tsx,848
POST,/provider-connections/${connection.id}/test,components/settings/ProviderConnectionsSettings.tsx,572
POST,/public/servers/${encodeURIComponent(slug)}/join-as-guest,pages/PublicServerPage.tsx,289
POST,/push/prompt-events,utils/pushNotifications.ts,21
POST,/push/subscribe,utils/pushNotifications.ts,139
POST,/push/test,utils/pushNotifications.ts,177
POST,/servers,store/serverStore.ts,531
POST,/servers/${current.id}/avatar,store/serverStore.ts,571
POST,/servers/${current.id}/join-links,components/settings/SettingsPanel.tsx,3043
POST,/servers/${current.id}/leave,store/serverStore.ts,581
POST,/servers/${current.id}/setup-transition,components/settings/SettingsPanel.tsx,3302
POST,/servers/${currentServer.id}/setup-transition,components/agent/CreateAgentDialog.tsx,1302
POST,/servers/${server.id}/invites,components/member/InviteHumanDialog.tsx,340
POST,/servers/${server.id}/join-links,components/member/InviteHumanDialog.tsx,198
POST,/servers/${server.id}/join-links,components/member/InviteHumanDialog.tsx,276
POST,/servers/${server.id}/machines/${machineId}/agents/${agent.id}/feedback/${report.id}/transcript,components/agent/ReportIssueDialog.tsx,405
POST,/servers/${server.id}/scope-attestation,components/agent/ReportIssueDialog.tsx,303
POST,/servers/${serverId}/machines,store/machineStore.ts,312
POST,/servers/${serverId}/machines/${machine.id}/computer/restart,components/machine/MachineDetailPanel.tsx,905
POST,/servers/${serverId}/machines/${machine.id}/computer/upgrade,components/machine/MachineDetailPanel.tsx,884
POST,/servers/${serverId}/machines/${machineId}/rotate-key,store/machineStore.ts,420
POST,/servers/${serverId}/machines/${machineId}/runtimes/rescan,store/machineStore.ts,252
POST,/servers/${serverId}/setup-handoff,components/onboarding/serverSetupProjection.ts,86
POST,/servers/${serverId}/setup-reset,components/onboarding/serverSetupProjection.ts,110
POST,/servers/${serverId}/setup-transition,components/onboarding/serverSetupProjection.ts,94
POST,/servers/join-community,store/serverStore.ts,539
POST,/share-artifacts/message-selection,utils/selectMarkdown.ts,156
POST,/tasks/channel/${channelId},store/taskStore.ts,672
POST,/tasks/convert-message,store/taskStore.ts,839
POST,/v2/messages,store/messageStore.ts,2292
PUT,/integrations/clients/${clientId}/app-notifications/webhook,components/settings/AppNotificationsControls.tsx,406
PUT,/integrations/clients/${clientRowId}/app-notifications/permissions,components/settings/SettingsPanel.tsx,5844
PUT,/integrations/marketplace/${clientId}/install/app-notifications/grant,components/settings/AppNotificationsControls.tsx,668
PUT,/servers/${currentServer.id}/agreement,components/settings/SettingsPanel.tsx,7338
PUT,/servers/${serverId}/labs/${encodeURIComponent(labKey)},components/settings/SettingsPanel.tsx,2442
